JobTitle,Company,Location,PostDate,ExtractDate,Summary,Salary,JobUrl
Engineer Student Thesis Assignment - Vent Pattern Design,Apollo Tyres Global R&D,Enschede,Meer dan 30 dagen geleden,03-01-2021,"Next to delivering the data the department clarifies questions of the suppliers, which are located all around the globe.
Available for 5-6 months.",,https://nl.indeed.com/pagead/clk?mo=r&ad=-6NYlbfkN0CeJnrXaUflvF4o6KqeKJBM9d_15l4Y-yo8sl4Im7piN-a9gnZp-jpfvZ-Lf-dpT0OQfsvXkvKEBxYReazp7mGrGxfRcbYv59DMJZPLt4LB9CJFyOw1m2d3HPKNOb4sC9yjhX2T96-s4gQ9oUq9j4nJZYk0UdcWERyeqJD9r5CKimL3exJXqBAn5nj5wIHyhW87WKrXnxklCpBfpkfUw-5YiDZrvR3mV-AoAlvsRkohdd0oo0LOIxXGoFgTyyTT6LHqdQl-FHr1biiAIH1W80Mwe9gNTJZ8G3gpikJYWTOkLdDNew6iXE4vQh3lSrT7XH_wWiwwYWuYJy2KpIED6hOz4LJLqhzqxEGpMcd9yvx_usMMhAaTGlcFcdqiHbGx-PTF_bCIBkZYm2xDbuKaoEdCm4FeV7yBGjwcAL9oy3cA-Z1ygSqzUr8bnjLvPd8HHPBYCN2ixt-3_Hmmd-CKwD7Gjl8hmnwMoHbHood3rfHHtYUQFy5CJTUk&p=0&fvj=1&vjs=3
Internship: Business Development & Marketing (suitable for thesis),Philips,Amsterdam,12 dagen geleden,03-01-2021,"Internship: Business Development & Marketing (suitable for thesis).
It can be discussed to make this assignment suitable for your thesis.
You are a part of.",,https://nl.indeed.com/rc/clk?jk=bd24d0ced519d28f&fccid=e4af9ca5b6d3a604&vjs=3
Research Assistant (master thesis),Effectory,Amsterdam Centrum,10 dagen geleden,03-01-2021,"This is the data you will be using for your research.
We collect data from questionnaires from workplaces all around the world.
But that’s not all!",,https://nl.indeed.com/rc/clk?jk=27e015500ecb8814&fccid=d40e13dda2f62843&vjs=3
Quant Analyst,DA VINCI DERIVATIVES,Amsterdam,Meer dan 30 dagen geleden,03-01-2021,"Analyzing market data to build new trading strategies.
Improving and refining the data infrastructure and setup.
In this role we are looking for:","<span class=""salaryText"">
€80.000 per jaar</span>",https://nl.indeed.com/rc/clk?jk=048f7de6ee4908e4&fccid=bed24f857b7521e3&vjs=3
"Internships / Stages: Marketing, Sales, Data, Customer Support, Finance, Administratie",Springest,Amsterdam,Meer dan 30 dagen geleden,03-01-2021,"For example, scraping data from websites, API or other data resources, to add to Springest.
Next to that, you will have the chance to write scripts to…",,https://nl.indeed.com/rc/clk?jk=46c93bd80197c45c&fccid=fe1b59d89783fc71&vjs=3
Internship: Business Development Garment Care (Suitable for thesis),Philips,Amsterdam,11 dagen geleden,03-01-2021,"Internship: Business Development Garment Care (Suitable for thesis).
We are open to discuss support on your thesis subject as long as it will be in line with…",,https://nl.indeed.com/rc/clk?jk=462ddd5e87dcb344&fccid=e4af9ca5b6d3a604&vjs=3
AI technical internship - Spring 2021,Quinyx,Rotterdam,19 dagen geleden,03-01-2021,"Preferably has experience with large data sets, data mining, time series analysis, deep learning and distributed algorithms.
What you’ll be doing.",,https://nl.indeed.com/rc/clk?jk=99d6ca29e686a535&fccid=cb08197253757670&vjs=3
Science Traineeship,MIcompany,Amsterdam Centrum,Meer dan 30 dagen geleden,03-01-2021,"One of the fastest-growing data sources in the world is DNA data and medical imaging data.
Esmée is currently working towards a publication of her thesis.",,https://nl.indeed.com/rc/clk?jk=6321c0283d4a7d7f&fccid=4e85df510c3b1124&vjs=3
Postdoctoral researcher on reinforcement learning with structured data,Universiteit van Amsterdam,Amsterdam Centrum,Meer dan 30 dagen geleden,03-01-2021,We are looking for a postdoctoral researcher interested in performing research on developing (deep) reinforcement learning techniques that can take structured…,"<span class=""salaryText"">
€2.790 - €4.402 per maand</span>",https://nl.indeed.com/rc/clk?jk=bc918a9237aaf007&fccid=6d76c7ec59b89971&vjs=3
Afstudeerstage Digital Ethics,PwC,Amsterdam,27 dagen geleden,03-01-2021,"Heb jij het idee dat innovatie, technologie en data dé oplossing vormen van elk klantprobleem?
Jouw belangrijkste activiteit is het schrijven van je thesis of…",,https://nl.indeed.com/rc/clk?jk=f0d8e0141034d9dc&fccid=5e964c4afc56b180&vjs=3
Postdoc Human-Environment Systems Analysis and Modelling,Vrije Universiteit Amsterdam,Amsterdam-Zuidoost,10 dagen geleden,03-01-2021,"Contribute to Msc thesis supervision (and potentially some other teaching).
From forest fires to big data, from obesity to medicines and from molecules to the…","<span class=""salaryText"">
€2.790 per maand</span>",https://nl.indeed.com/rc/clk?jk=3caa00d259799afc&fccid=7fcd0afcba4c0099&vjs=3
Thesis Research - Business Intelligence,felyx,Amsterdam Zuid,Meer dan 30 dagen geleden,03-01-2021,"Do you get high on data?
Enjoy working with data and developing advanced analytics.
The goal is to develop an advanced analytical application regarding a…",,https://nl.indeed.com/rc/clk?jk=5a45b1f1f0fff7c3&fccid=2113777edd2a8df8&vjs=3
Internship - Consulting Services,IQVIA,Amsterdam,24 dagen geleden,03-01-2021,"Support thought leadership which could serve as the basis for your thesis.
Acquiring deep knowledge of IQVIA data sources, acting as an advisor to other members…",,https://nl.indeed.com/rc/clk?jk=6e0dd61ddd0847ae&fccid=6b7a1dfe07e7f037&vjs=3
Internship: Philips Capital Marketing Communications (Suitable for Thesis),Philips,Amsterdam,20 dagen geleden,03-01-2021,"Information and data acquisition and analysis used for marketing and communication campaigns.
We are open to discuss with you the possibility to make this…",,https://nl.indeed.com/rc/clk?jk=b1ae235b1dea17df&fccid=e4af9ca5b6d3a604&vjs=3
Doctoral Student Position Available on Computational Pangenomics,CWI,Amsterdam,Meer dan 30 dagen geleden,03-01-2021,"The move from sequence- to graph-based pan-genome data structures is unavoidable when seeking to exploit the wealth of genetic data, instead of having devices…","<span class=""salaryText"">
€2.807 per maand</span>",https://nl.indeed.com/rc/clk?jk=ca5f357bec21c0b5&fccid=55c5d0e08cf4803f&vjs=3
Operations & Business Analyst Internship,ABN AMRO Bank,Amsterdam,19 dagen geleden,03-01-2021,"Creating a plan of approach and conducting research & data analysis.
Are you a last year HBO or WO student with a knack for Data Mining, Data Analytics and…",,https://nl.indeed.com/pagead/clk?mo=r&ad=-6NYlbfkN0A_cWh5ufxJCEatf9FOtgdwl-LajcKrnY3NwdklpeSDnu3zP8nC49W8vdwlFzj2GRkwR8u9kHW8NDbMeuGIJw2YH3TBxameIDPUvCkjw0PlvfuWUs-67SNMjpQD4U1tZexZcS2ATvQRlkFjbAScmn4QgQSoDEzY4x8cU7VVZ_5s38BDXw4jgfqf9zgZA568CHzBoYfErGwZOCk0k7GeZlEBkGnsXCNRW049HkcHKxVJmF1gsNeOmH8lvx3SYeDJJ2zIjSXcHIiCojPEh-HAWySellIqb6PC3NuuJX5z_QMwHWmIds3_asfMmLz1HspsMaUSD4Kpvp981RIlrTqdUXypjlucr4UY0YzzKcOmMJg_9qxj0nNvJcyXO2nI0D5XJtk7FKUUuuFoGIEt79REFKZu2YU3RjrKVES_xHjuyAzIiAQVoRbCKya23hnUEXmRXpgFXXooKjAwVl9ysA_lDt17LicApPn5aevBYKEoE0M6Qfy2L_oFVdUDvHZ9lYfZ8PKtHzhjoZ3dBGRWPn8H-R6JKeYMfDwdpYciZNDPSNXlaXDuZL0ZCp2elXafsKJZQU3fQ5Z59AFXU4k_ba5QiXWsKhtjhdhP1VQ1emkYJ4pe25RooSl4UBs1K-DOPvv1-8dE-JlNc5djROSC0LkbWsuPdzqKFg2L0n2I4e2ee7oJTKI5OuYu2x-PCi-nwSCJj6PPRjpsNPQ0HSHYWQdgDqgg8zsjenP6z9MojG8abBtgkDI1ybDM-pvGIs7yEtDOmNP7sXO7ZawWEH_MAhAa9YnPiCeyPqU06Wrv9ZfYvh40Z_Q2Zpke0iox&p=0&fvj=0&vjs=3
PhD position on Data Perspectives on the International Tax System,Universiteit Leiden,Leiden,25 dagen geleden,03-01-2021,"Therefore, among others, clear data definitions, data requirements, standards and formats (data governance) together with trustworthy and accessible data…","<span class=""salaryText"">
€2.395 per maand</span>",https://nl.indeed.com/pagead/clk?mo=r&ad=-6NYlbfkN0C1p3sUvbC4jvQpEtqI4i5BQBlaEanhoTkl5XwvdKtHyWE88Pubn1-3xWyZmq6uwXiEhZQ5WDG0NYZ1PiOoGDIaNivnjkYu58dztdbB35SPm6H3Qd_WMChx49jdvnHhQmmEn5Jp5ptw1EsKNiKbkCWAL5FA8o3hyaW-fAMD3HlvCDIQleADRtLTY65SQTBGtKjNNEEceazUOcDinvDoN_wmTIn1s3_dRMOe_FZIqstRmLgVITQxY6_uniupUdvcxncBYprACKdd_FC7xyscc0pz4fWVC4r_qcIYzDUneNFaALSxrp5wlDsv7-CjJF_TAGpiUw5q3biReBzMnEAZb3K_tWVXC0Jx9Od-fx-esnnf8oB3N_oBoF8VwEmCkkvZ_A5nUu_3mrGQbyL3ZCPQrnm5nhfom5ILLI306WDuU94_xwtbDTi1cO2CHXNATj76L1a3qGLJxVcHnDbnzcSDLBtVK1HSWN0tjHpNdHZck-saJrbZaCi_EjffI0SoC_Iz35iFLgmk0KsOSqGoBS3LJ5EB9z2EVcLH6lHNP2BV1ILFRpQiykIYfpP2eQX77BdI2kJz2FS38J2xcImWB0rHlkXZ3hjPtnB_g6T6Rvq6NSr4X8QetEA7vgVTr7yBI6Pt1oWHTD4AfvZ1VuHOLzQzsezh35muTUXfse2p1lQhXApjoLyIoHL_J5hUbkvYjSjoSdSlQPQloaagdQ6tgmIG-M8T4SsLHFMAAwGZc9ihvBoWZZj7Ud1btZZrk1XB5_E3ry7v9mXenRn6DmL5Io93o-fd46SUwV9QDMI=&p=1&fvj=0&vjs=3
Postdoc Human-Environment Systems Analysis and Modelling,Vrije Universiteit Amsterdam,Amsterdam-Zuidoost,10 dagen geleden,03-01-2021,"Contribute to Msc thesis supervision (and potentially some other teaching).
From forest fires to big data, from obesity to medicines and from molecules to the…","<span class=""salaryText"">
€2.790 per maand</span>",https://nl.indeed.com/rc/clk?jk=3caa00d259799afc&fccid=7fcd0afcba4c0099&vjs=3
Thesis Research - Business Intelligence,felyx,Amsterdam Zuid,Meer dan 30 dagen geleden,03-01-2021,"Do you get high on data?
Enjoy working with data and developing advanced analytics.
The goal is to develop an advanced analytical application regarding a…",,https://nl.indeed.com/rc/clk?jk=5a45b1f1f0fff7c3&fccid=2113777edd2a8df8&vjs=3
Internship - Consulting Services,IQVIA,Amsterdam,24 dagen geleden,03-01-2021,"Support thought leadership which could serve as the basis for your thesis.
Acquiring deep knowledge of IQVIA data sources, acting as an advisor to other members…",,https://nl.indeed.com/rc/clk?jk=6e0dd61ddd0847ae&fccid=6b7a1dfe07e7f037&vjs=3
Internship: Philips Capital Marketing Communications (Suitable for Thesis),Philips,Amsterdam,20 dagen geleden,03-01-2021,"Information and data acquisition and analysis used for marketing and communication campaigns.
We are open to discuss with you the possibility to make this…",,https://nl.indeed.com/rc/clk?jk=b1ae235b1dea17df&fccid=e4af9ca5b6d3a604&vjs=3
Doctoral Student Position Available on Computational Pangenomics,CWI,Amsterdam,Meer dan 30 dagen geleden,03-01-2021,"The move from sequence- to graph-based pan-genome data structures is unavoidable when seeking to exploit the wealth of genetic data, instead of having devices…","<span class=""salaryText"">
€2.807 per maand</span>",https://nl.indeed.com/rc/clk?jk=ca5f357bec21c0b5&fccid=55c5d0e08cf4803f&vjs=3
Industrial engineering / information management intern - master thesis student,DSM,Nederland,17 dagen geleden,03-01-2021,"Industrial engineering / information management intern - master thesis student.
Industrial engineering / information management intern - master thesis student.",,https://nl.indeed.com/rc/clk?jk=26bdf8852781f8fe&fccid=e55924959400876c&vjs=3
PhD position in Culturally and Socially Responsible AI,Universiteit van Amsterdam,Amsterdam Centrum,17 dagen geleden,03-01-2021,"Complete and defend a PhD thesis within the official employment duration of four years;
Outstanding research qualities, manifested in a high-quality Master’s…","<span class=""salaryText"">
€2.395 - €3.061 per maand</span>",https://nl.indeed.com/rc/clk?jk=ea271af3bb373d7c&fccid=6d76c7ec59b89971&vjs=3
Content Manager,Scribbr,Amsterdam,16 dagen geleden,03-01-2021,"Have written a thesis yourself.
You’ll learn not only how to write great web content, but also how to make decisions using SEO tools, keyword analysis, user…",,https://nl.indeed.com/rc/clk?jk=e0e7cbbd9f6edd16&fccid=b259d1e2a70b9639&vjs=3
Internship: Talent Intelligence Support,Philips,Amsterdam,Meer dan 30 dagen geleden,03-01-2021,"Own Excel/data analytic skills.
Length: 6 to 12 months - not suitable for thesis.
Expected Start Date: January 2021.
In this role, you have the opportunity to:",,https://nl.indeed.com/rc/clk?jk=ff4b11851c244b81&fccid=e4af9ca5b6d3a604&vjs=3
Internship in Supply Chain - Demand planning Laundry & Home Care,Henkel,Nieuwegein,13 dagen geleden,03-01-2021,"Link experience & learning from the role to a study project or thesis.
HENKEL IS FOR THOSE WHO STEP UP.
At Henkel, you can make a difference and craft your…",,https://nl.indeed.com/rc/clk?jk=4b4735bb95fa83fd&fccid=79b1953a75a5cc1a&vjs=3
Afstudeerder Omgevingswet,Antea Group,Oosterhout,Meer dan 30 dagen geleden,03-01-2021,"Ben jij opzoek naar een afstudeeropdracht of input voor je thesis?
Wil jij meehelpen aan de opgave om de leefomgeving op de juiste manier in te richten?",,https://nl.indeed.com/pagead/clk?mo=r&ad=-6NYlbfkN0BUA9otAd0h-hTtNULtOhpGJd9LnPgcKj5fSPX_XLkkh8zz3qlJcrlfIjjMyyIQzAS73JeKrXIj_8a8JVqpqyLfIP2aJ78A6_fxAu5-3ID1Ibtbip6RAX7wWbxoIby2lcvmBnBSQtBv8nMhingQSFptSuq93G2NM2iWVFYKlXiJ635--SdxY63utdjQnVTWXMZN0XX2TRXRT_71zkUr8Ku4-9A97dRcpf8wkIJeiu1Il8HsbBmMNFUaAPB8TbfaKHUsjWzmP6cT5o5LV2M-NRkRLlMFjRlQjhgh_oV5S64hzeIq3ZYDiqS3gimExwoisNp1K1YkjbY-ZXsRocYDiZLK1IQobinWzN8O1QXXIQYgO7QzSWE-taiVs8itigQ6MfUdLsKhaT8aLZtNuXGlK1-k_uPYYMYX-En7hMTJoo_F4tqMO9bJzVawMxoQ4rAwQNcXLP4nJEG-8sT_weEZteeV6LLJzVJ36ODEJ__aM5FhpDSyrqb5F1uerS2-02R6W9EcZvpa_OTy5GeSGOTQWXQmP4cvl_ekuqpMeBe8EARaaiG-1kyty2y304Xy2OEcB5NlNHeMdNsAh9KliHuUujnJmXHOQy5hum9oXXXaGt0wUaS3cfN7AUzVBwZqEVqdgZzqanCZPzouvZyG0zauElJQRK5PS4VS4JzyOQh021kqB05N1twCng63ydfBEQ1QIEfwg7XemU91GSJpWn95xq-o&p=12&fvj=0&vjs=3
Internship Regulatory Execution Reporting,ABN AMRO Bank,Amsterdam,Meer dan 30 dagen geleden,03-01-2021,"You are a at least a WO student and would like to expand on your working experience or write your thesis.
Lastly, always include your availability period (e.g.,…","<span class=""salaryText"">
€600 per week</span>",https://nl.indeed.com/pagead/clk?mo=r&ad=-6NYlbfkN0A_cWh5ufxJCEatf9FOtgdwl-LajcKrnY3NwdklpeSDnu3zP8nC49W8vdwlFzj2GRk4nkx9mbjBNWOIhwFvRwlVk19qySBsb3x7c_geGi__QoOaTWryVoNoQ2MjJV6brKjD8R7v0f5CeN4sfob3b7A-u3RNAYUul-mpgPMQuF_acp6v9brd_2NbY9vGmHYLTajMsvTAydtE9qgPvbBbg_Ho93q-uJAEsemUyL7ZpaS_DArMgJ2FE10vaBssCWHi8Wav4zraulcyE7-zr9GJbCTa4tj_zjWmK9NKKUVp9u_nC74-SOmqjUzVdueRveTjMDYIAfjyOJFvPjhaCEbO-3AkLd8abxFZXzzulnqWmDovg2-0S82-aI1ySqiA2g9aeU1dtbHIaJ5dSN6DODbqz938Mk0Ym9tOmIgMbQpEZ1EwnYxj2mFKWkok04p9fGhoKBJfB9EHZzKkNW2wv_8XvqwF_RfIkrgqbMe7_KcZkWFt30H0RTkTIm9rhxNQQJzEuFrq3WOo2owoAbuMmsAGe7nBZZ3xrBQYcBgS12jw8kUMzp91kSUNkNqU2PucDYbv0Ag7TUi7irykKhGit1jBwYy_jseYVXXNpNMCInEAaxcxFDMTgtF2c2W0Un76oXYHq4rWR8ziz7kbH5FMyEF6ONdZN6-65W5ld_uriGhcw2GdE5nRufp-5mrzMgar2tJhME5Vp__Qvh_RVSEQgxmUVQ9q_ifuYa6aAEOdc8A4G7IbQx55BMomjNFcc6nKlx0XxUmJhSrzPeVG6t8WQyvpWi2bdwbIMH8YVlOVlq4VYoi3tl7ci1PaOAm5_Wiot6KnXRtFuxzEo_EcTgbPeOYUPJDdkW6dOTdMWNpkS_v9UgfgJw==&p=13&fvj=0&vjs=3
Engineer Student Thesis Assignment - Vent Pattern Design,Apollo Tyres Global R&D,Enschede,Meer dan 30 dagen geleden,03-01-2021,"Next to delivering the data the department clarifies questions of the suppliers, which are located all around the globe.
Available for 5-6 months.",,https://nl.indeed.com/pagead/clk?mo=r&ad=-6NYlbfkN0CeJnrXaUflvF4o6KqeKJBM9d_15l4Y-yo8sl4Im7piN-a9gnZp-jpfvZ-Lf-dpT0OQfsvXkvKEBxYReazp7mGrGxfRcbYv59DMJZPLt4LB9CJFyOw1m2d3HPKNOb4sC9yjhX2T96-s4gQ9oUq9j4nJZYk0UdcWERyeqJD9r5CKimL3exJXqBAnToH-8B9x80XwklNYtf1qvQX1iPoInzp4D7nJnT6tX6W_SsLIRxRRTEAgQgHDDOHZfm19VrJp9MMVkvRcBQA7nJlxdkPEMXp_fBeAruhonHtoeWTKnlAEmQi8zoUe3qR9q44tbzEAcEcVX_EEIMAGKH0B__bBTFxRU6TUnLkJY0OkqJaFsaHsNKmK2_qlRNj6e6YNihN3GI4cr3ok-k4mXRr-_0D29W4A8yQtUTCyq9GyRb7IUHlskAwn5cPf9KlvBSP8ZXopAGCUcantrrfvt2e993un_-kahMN-jd4RNKYQl4pi3t8E8OQaUldbjLrz&p=14&fvj=1&vjs=3
Postdoc position: Food sustainability,Vrije Universiteit Amsterdam,Amsterdam-Zuidoost,Meer dan 30 dagen geleden,03-01-2021,"PhD, MSc and BSc thesis supervision.
From forest fires to big data, from obesity to medicines and from molecules to the moon: our teaching and research…","<span class=""salaryText"">
€2.790 per maand</span>",https://nl.indeed.com/rc/clk?jk=88f9bf420b3446ed&fccid=7fcd0afcba4c0099&vjs=3
PhD position Forensic Detection of Deep Fake Videos,Universiteit van Amsterdam,Amsterdam Centrum,17 dagen geleden,03-01-2021,"This should lead to a dissertation (PhD thesis).
Contribute to our education activities as assistant to a course and/or guiding students in their thesis work.","<span class=""salaryText"">
€2.395 - €3.061 per maand</span>",https://nl.indeed.com/rc/clk?jk=9cae75c9acea33c7&fccid=6d76c7ec59b89971&vjs=3
Internship | Data Sovereignty in the International Data Spaces,TNO,Groningen,Meer dan 30 dagen geleden,03-01-2021,"Therefore, in the transition towards the realization of the vision of the data sharing ecosystem as shown in the figure, data sovereignty is the key…",,https://nl.indeed.com/rc/clk?jk=fc0edf2f584fe14c&fccid=ea11de2ae4cd5abc&vjs=3
Technical sales internship - 6 months master thesis project - Amsterdam,Cisco Systems,Amsterdam,Meer dan 30 dagen geleden,03-01-2021,"They will be your primary contacts for gaining technical expertise to support your research for your thesis.
Surrounded by highly skilled Technical and Business…",,https://nl.indeed.com/rc/clk?jk=5abb1419fb28b0d1&fccid=dfc44f3b8c44a6db&vjs=3
"Postdoc PFAS restriction, essential use","RIVM: professional, reliable, and independent",Bilthoven,16 dagen geleden,03-01-2021,"Strong analytic and methodological skills (e.g. quantitative data analysis, statistics, design of experiments);
One area of application is PFASs.",,https://nl.indeed.com/rc/clk?jk=71ffa98e1c112fa9&fccid=25deb46e99490686&vjs=3
Internship Global Trade Management,Avery Dennison,Oegstgeest,Meer dan 30 dagen geleden,03-01-2021,"Maintain trade compliance data in the ERP system.
Prepares reports within the GTM team by using either EXCEL, QAD or other data containing systems.",,https://nl.indeed.com/rc/clk?jk=c9bc950c60bc4678&fccid=c404ee662148c290&vjs=3
Financial Planning Analysis Intern - Labs,IDEXX,Hoofddorp,27 dagen geleden,03-01-2021,"In close collaboration with the other FP&A teams, you will work on process improvement and data consolidation.
What You Will Need to Succeed.",,https://nl.indeed.com/rc/clk?jk=edf3d5377c350849&fccid=0ad4c4a48e8d4d46&vjs=3
Postdoctoral research position: Using Collaborative Artificial Intelligence for Health,Vrije Universiteit Amsterdam,Amsterdam-Zuidoost,24 dagen geleden,03-01-2021,"Contribute to creating a stimulating learning environment through MSc and BSc thesis supervision.
From forest fires to big data, from obesity to medicines and…","<span class=""salaryText"">
€2.790 per maand</span>",https://nl.indeed.com/rc/clk?jk=ee5e4bf6fcb1c4a1&fccid=7fcd0afcba4c0099&vjs=3
Vehicle Development Intern,Picnic,Amsterdam,Meer dan 30 dagen geleden,03-01-2021,"Excel Wizard: Outstanding Excel and data analysis skills.
Pay attention: this is not a (thesis) graduation internship.
English proficiency, Dutch is a plus.",,https://nl.indeed.com/rc/clk?jk=fa5d3802f1bd2643&fccid=9ca7c1c1cfaa481c&vjs=3
Internship | Sustainable Urban Mobility & Safety,TNO,Den Haag,Meer dan 30 dagen geleden,03-01-2021,"Experience with data analysis is a plus, but not strictly necessary.
How can we improve our current vehicle and driver models with the data we have collected?",,https://nl.indeed.com/rc/clk?jk=ff01a214ac9a1a5b&fccid=ea11de2ae4cd5abc&vjs=3
"Internship: Group Business Transformation, Market to Order – Customer Analytics (Suitable for thesis)",Philips,Eindhoven,16 dagen geleden,03-01-2021,"Skilled in data analysis and reporting.
This internship is open supporting you with a thesis.
Based if we are able to support you with a thesis, we do require…",,https://nl.indeed.com/rc/clk?jk=757448e4f548eb5f&fccid=e4af9ca5b6d3a604&vjs=3
Afstudeerstage Capital Projects & Infrastructure Consulting,PwC,Amsterdam,Meer dan 30 dagen geleden,03-01-2021,"Next to writing your thesis, you will engage in projects within our team.
Way of working: what would be your approach to come to a solid thesis?",,https://nl.indeed.com/rc/clk?jk=4289cdddba93191a&fccid=5e964c4afc56b180&vjs=3
Intern Sales,coty,Schiphol,Meer dan 30 dagen geleden,03-01-2021,"The internship can be combined with a thesis.
Prepare product and trade activities data according to Key Account needs.
Attention for detail and structured.",,https://nl.indeed.com/rc/clk?jk=506c9444776f8ef5&fccid=7ad46606e93080a6&vjs=3
PhD position in computational single-cell cancer biology,Vrije Universiteit Amsterdam,Amsterdam-Zuidoost,24 dagen geleden,03-01-2021,"Integrate such data with live-cell imaging data.
Write a PhD thesis consisting of peer-reviewed scientific papers.
Please apply at Vrije Universiteit Amsterdam.","<span class=""salaryText"">
€2.395 per maand</span>",https://nl.indeed.com/rc/clk?jk=7d33a932559e8c39&fccid=7fcd0afcba4c0099&vjs=3
PhD candidate: Health effects of night shift work,Universiteit Utrecht,Utrecht,23 dagen geleden,03-01-2021,"These papers will form the basis of your PhD thesis.
This PhD project will focus on collecting individual level data among shift workers.","<span class=""salaryText"">
€2.395 per maand</span>",https://nl.indeed.com/rc/clk?jk=dbc9fbdbcedd02e5&fccid=1fef3c651d457079&vjs=3
Intern Sales,coty,Schiphol,Meer dan 30 dagen geleden,03-01-2021,"The internship can be combined with a thesis.
Prepare product and trade activities data according to Key Account needs.
Attention for detail and structured.",,https://nl.indeed.com/rc/clk?jk=506c9444776f8ef5&fccid=7ad46606e93080a6&vjs=3
PhD position in computational single-cell cancer biology,Vrije Universiteit Amsterdam,Amsterdam-Zuidoost,24 dagen geleden,03-01-2021,"Integrate such data with live-cell imaging data.
Write a PhD thesis consisting of peer-reviewed scientific papers.
Please apply at Vrije Universiteit Amsterdam.","<span class=""salaryText"">
€2.395 per maand</span>",https://nl.indeed.com/rc/clk?jk=7d33a932559e8c39&fccid=7fcd0afcba4c0099&vjs=3
PhD candidate: Health effects of night shift work,Universiteit Utrecht,Utrecht,23 dagen geleden,03-01-2021,"These papers will form the basis of your PhD thesis.
This PhD project will focus on collecting individual level data among shift workers.","<span class=""salaryText"">
€2.395 per maand</span>",https://nl.indeed.com/rc/clk?jk=dbc9fbdbcedd02e5&fccid=1fef3c651d457079&vjs=3
Internship Indirect Procurement,Avery Dennison,Oegstgeest,Meer dan 30 dagen geleden,03-01-2021,"They will need to Collaborate across Boundaries by acting as a point of reference, for internal and external stakeholders, through accurate data gathering and…",,https://nl.indeed.com/rc/clk?jk=027f823a3209a986&fccid=c404ee662148c290&vjs=3
Internship: Consumer Marketing (Shaving),Philips,Amsterdam,Meer dan 30 dagen geleden,03-01-2021,"Supporting selected projects in Product Development including analysis on consumer and market data, and coordinating selected areas of the project.",,https://nl.indeed.com/rc/clk?jk=a73fe813253682c9&fccid=e4af9ca5b6d3a604&vjs=3
2 PhD positions / Advanced Ion Mobility Mass Spectrometry for Characterisation of Food,Wageningen University & Research,Wageningen,17 dagen geleden,03-01-2021,This can be done directly via the application button at the vacancy on our website so that we can process your personal data with your permission.,,https://nl.indeed.com/rc/clk?jk=8be9313ecb72d013&fccid=4be1581f8d3745b0&vjs=3
PhD Regulating Socio-Technical Change 2021,Tilburg University,Tilburg,25 dagen geleden,03-01-2021,"A recent example of your written work, ideally a bachelor or master thesis.
Tilburg University | Tilburg Law School.
Department : Tilburg Graduate Law School.","<span class=""salaryText"">
€2.395 per maand</span>",https://nl.indeed.com/rc/clk?jk=12a7243b6ebb01c5&fccid=b9529daf9f1d0324&vjs=3
Internship: EMEA Corporate Tax Intern,Avery Dennison,Oegstgeest,23 dagen geleden,03-01-2021,"As the EMEA Corporate Tax intern, you will be responsible for the implementation of a new data storage facility.
Reported sales in 2018 were $7.2 billion.",,https://nl.indeed.com/rc/clk?jk=1c7a69146fea12cd&fccid=c404ee662148c290&vjs=3
Internship Hydrology (stage),Mobiliteitscentrum Regio West-Brabant,Nederland,Meer dan 30 dagen geleden,03-01-2021,"Analyses of available data on discharge rates.
Historic data on stream discharge rates are available, but many timeseries are incomplete.",,https://nl.indeed.com/rc/clk?jk=6cde6dc2d35ee1a4&fccid=505fcdeb48d88f6d&vjs=3
Internship: Electronic Packaging,NXP Semiconductors,Nijmegen,Meer dan 30 dagen geleden,03-01-2021,"In this project we will work on this full perspective by systematically comparing simulations results with experimental data.
What’s in it for you?",,https://nl.indeed.com/rc/clk?jk=5c2748ab8e5556b6&fccid=d113f5fdf3e1cb7b&vjs=3
5 PhD positions in Business,Vrije Universiteit Amsterdam,Amsterdam-Zuidoost,Meer dan 30 dagen geleden,03-01-2021,"Academic paper (e.g., Master thesis or article).
Whether it is the use of robots in society or big data, labour market participation or flexibility in the…","<span class=""salaryText"">
€2.395 per maand</span>",https://nl.indeed.com/rc/clk?jk=8d1e5b88ec1a24f0&fccid=7fcd0afcba4c0099&vjs=3
Postdoc Biorefinery,Wageningen University & Research,Wageningen,17 dagen geleden,03-01-2021,This can be done directly via the application button at the vacancy on our website so that we can process your personal data with your permission.,,https://nl.indeed.com/rc/clk?jk=137b50cf5e0c3e50&fccid=4be1581f8d3745b0&vjs=3
PhD position Mechanisms underlying plant-root microbiome recruitment under stress,Universiteit van Amsterdam,Amsterdam Centrum,12 dagen geleden,03-01-2021,In this PhD position you will use experimental data and data integration approaches to unravel causal relations in plant-microbiome interactions under stress.,"<span class=""salaryText"">
€2.395 - €3.061 per maand</span>",https://nl.indeed.com/rc/clk?jk=7aab9046f415f183&fccid=6d76c7ec59b89971&vjs=3
PhD in Controls on Miocene sediment dispersal in the Roer Valley Graben in the southern Netherlands,Vrije Universiteit Amsterdam,Amsterdam-Zuidoost,Meer dan 30 dagen geleden,03-01-2021,"Write a PhD thesis consisting of peer-reviewed scientific papers.
From forest fires to big data, from obesity to medicines and from molecules to the moon: our…","<span class=""salaryText"">
€2.395 per maand</span>",https://nl.indeed.com/rc/clk?jk=f367b6893d2f2ff9&fccid=7fcd0afcba4c0099&vjs=3
Stage: Challenging E-commerce Marketplaces internship for international brands,ESSD Consulting,Amsterdam,Meer dan 30 dagen geleden,03-01-2021,"We provide the option to work on your school project/thesis.
Analyzing customer behavior, competitors, and other data to provide key insights and make decisions…",,https://nl.indeed.com/rc/clk?jk=a1ea7eb979af6407&fccid=5e682ca8521f1325&vjs=3
Stage: Challenging E-commerce Marketplaces internship for international brands,ESSD Consulting,Amsterdam,Meer dan 30 dagen geleden,03-01-2021,"We provide the option to work on your school project/thesis.
Analyzing customer behavior, competitors, and other data to provide key insights and make decisions…",,https://nl.indeed.com/rc/clk?jk=a1ea7eb979af6407&fccid=5e682ca8521f1325&vjs=3
PhD student | ‘Standardizing image analysis of ASL MRI Blood-Brain Barrier integrity scans’,VUmc,Amsterdam Zuid,17 dagen geleden,03-01-2021,"Write scientific papers and a thesis about your findings.
Please provide – in English – a motivation letter and CV, and, if available, a recommendation letter…",,https://nl.indeed.com/rc/clk?jk=6b2856ea84d32384&fccid=3efba77b340e53f5&vjs=3
Afstudeerstage Data & GDPR,PwC,Amsterdam,27 dagen geleden,03-01-2021,"Heb jij het idee dat innovatie, technologie en data dé oplossing vormen van elk klantprobleem?
Jouw belangrijkste activiteit is het schrijven van je thesis of…",,https://nl.indeed.com/rc/clk?jk=f5a42f55beb22578&fccid=5e964c4afc56b180&vjs=3
Electrical Failure Analysis (Intern),NXP Semiconductors,Nijmegen,19 dagen geleden,03-01-2021,"Partly working from home is an option but all the experimental data needs to be gathered at the premises of NXP.
What’s in it for you?",,https://nl.indeed.com/rc/clk?jk=cc47a317188b5a08&fccid=d113f5fdf3e1cb7b&vjs=3
PhD position in workaround mining,Universiteit Utrecht,Utrecht,Meer dan 30 dagen geleden,03-01-2021,"Hands-on knowledge of process mining, data mining, predictive analytics, or big data;
This PhD programme will prepare you for a range of interesting, data…","<span class=""salaryText"">
€3.061 per maand</span>",https://nl.indeed.com/rc/clk?jk=ed61d3f4a54e9ae6&fccid=1fef3c651d457079&vjs=3
PhD student,VUmc,Amsterdam Zuid,18 dagen geleden,03-01-2021,"Bringing all this work together in your PhD thesis.
A comprehensive overview of potential effective data collection methods for sensor assisted physical…",,https://nl.indeed.com/rc/clk?jk=ce1d919d9ca9ebc7&fccid=3efba77b340e53f5&vjs=3
PhD candidate on the project: In Silico World: Lowering barriers to adoption of In Silico Trials for coronary thrombosis,Erasmus MC,Rotterdam,4 dagen geleden,03-01-2021,"The research project should result in scientific publications, conference presentations, and ultimately in a PhD thesis.
Closing date 31-01-2021.",,https://nl.indeed.com/rc/clk?jk=15b64de6438dc085&fccid=79e434c294803209&vjs=3
PhD position in Computer Vision,Universiteit van Amsterdam,Amsterdam Centrum,17 dagen geleden,03-01-2021,"A link to your Master’s thesis;
Complete and defend a PhD thesis within the official appointment duration of four years;
Functieomvang 38 hours per week.","<span class=""salaryText"">
€2.395 - €3.061 per maand</span>",https://nl.indeed.com/rc/clk?jk=a9f5bd0abd7dd9b2&fccid=6d76c7ec59b89971&vjs=3
Internship | Non-intrusive model identification of a physics-based battery model,TNO,Helmond,Meer dan 30 dagen geleden,03-01-2021,"Algorithm testing with simulation data and (if time allows) with measured data from battery cells.
Identifiability analysis of the model parameters using…",,https://nl.indeed.com/rc/clk?jk=fb498f5ea888bdc6&fccid=ea11de2ae4cd5abc&vjs=3
Post-doc Research Position “Hybrid metrology for XUV Optics”,Universiteit Twente,Twente,Meer dan 30 dagen geleden,03-01-2021,"A pdf of your PhD thesis.
You have confirmed experience with scientific data analysis.
Advanced knowledge of statistical methods for data analysis is an…",,https://nl.indeed.com/rc/clk?jk=61ecde92f6f9f4ca&fccid=2bcdad5fb10f2262&vjs=3
PhD or Postdoc position on Probabilistic Modeling in the Wild,Universiteit van Amsterdam,Amsterdam Centrum,Meer dan 30 dagen geleden,03-01-2021,"This should lead to a dissertation (PhD thesis).
For PhD applicants: complete a PhD thesis within the duration of four years.
Functieomvang 38 hours per week.","<span class=""salaryText"">
€2.395 - €4.402 per maand</span>",https://nl.indeed.com/rc/clk?jk=d28d73917db987e6&fccid=6d76c7ec59b89971&vjs=3
Technology Venture Capital Senior Associate,INKEF Capital,Amsterdam,Meer dan 30 dagen geleden,03-01-2021,"Help expand our data-driven models to deal flow and portfolio hiring.
Performing deep dives into technology areas that could be of interest to INKEF and markets…",,https://nl.indeed.com/rc/clk?jk=c6fd1a6bc7f6773f&fccid=48021c00eafa0fca&vjs=3
PhD candidate on In-Silico Modelling of late Thrombosis on medical implants,Universiteit van Amsterdam,Amsterdam Centrum,17 dagen geleden,03-01-2021,"This should lead to a dissertation (PhD thesis).
Your master thesis and if you have them, publications,.
You will validate your models relying on existing data…","<span class=""salaryText"">
€2.395 - €3.061 per maand</span>",https://nl.indeed.com/rc/clk?jk=b0dca8367ec03354&fccid=6d76c7ec59b89971&vjs=3
PhD position in Software Language Engineering,Universiteit van Amsterdam,Amsterdam Centrum,18 dagen geleden,03-01-2021,"This should lead to a dissertation (PhD thesis).
Our research involves complex information systems at large, with a focus on collaborative, data driven,…","<span class=""salaryText"">
€2.395 - €3.061 per maand</span>",https://nl.indeed.com/rc/clk?jk=824435d899f6bfba&fccid=6d76c7ec59b89971&vjs=3
Scriptiestage Enterprise Data Management,Deloitte,Amsterdam,Meer dan 30 dagen geleden,03-01-2021,"Possible thesis topics could be in the field of: Data governance, commercial data strategy, operationalizing data management, Ecosystems& privacy or migrating…",,https://nl.indeed.com/rc/clk?jk=a233caef38388ef8&fccid=9e215d88a6b33622&vjs=3
PhD position in in Mathematical Machine Learning,Universiteit van Amsterdam,Amsterdam Centrum,25 dagen geleden,03-01-2021,"Adaptive Online Learning: Online learning deals with learning algorithms that process data sets sequentially, one data point at a time.","<span class=""salaryText"">
€2.395 - €3.061 per maand</span>",https://nl.indeed.com/rc/clk?jk=8bf3700fe39f5402&fccid=6d76c7ec59b89971&vjs=3
Internal Research Fellow (PostDoc) in Artificial Intelligence,European Space Agency,Noordwijk,Meer dan 30 dagen geleden,03-01-2021,"Hands-on experience with AI toolkits such as Tensorflow or Pytorch (from data collection via training to deployment);
Applications from women are encouraged.",,https://nl.indeed.com/rc/clk?jk=d6ba471a19867f29&fccid=a33fc8acf400e044&vjs=3
Internship Consumer Marketing - Female Hair Removal (immediate start),Philips,Amsterdam,17 dagen geleden,03-01-2021,"Owning the performance tracker, global and per market; coordinating and analyzing data.
Executing analysis on consumer and market data, e.g. translating ratings…",,https://nl.indeed.com/rc/clk?jk=c3b7e273fa215746&fccid=e4af9ca5b6d3a604&vjs=3
PhD in Black-tailed godwit management & demography,Rijksuniversiteit Groningen,Groningen,17 dagen geleden,03-01-2021,"A master degree in biology, ecology, statistics or data science.
Prolongation of the contract is contingent on sufficient progress in the first year to indicate…","<span class=""salaryText"">
€2.395 per maand</span>",https://nl.indeed.com/rc/clk?jk=3a6d868d088be4a0&fccid=910095d1dc048510&vjs=3
Postdoc position: Understanding large scale spatiotemporal distributions of macrozoobenthos in the Dutch Wadden Sea,Royal NIOZ,Gemeente Texel,12 dagen geleden,03-01-2021,"Applicants must have a PhD degree, or aim to submit their PhD thesis for assessment by spring 2021.
The cover letter should include (1) a summary of the…",,https://nl.indeed.com/rc/clk?jk=c2aecf7d91f1451e&fccid=fcc567fe54122799&vjs=3
"Stages / Internships - MBO, Bachelor & Master",Vopak,Rotterdam,Meer dan 30 dagen geleden,03-01-2021,"Opdracht: Het verzamelen, verwerken en analyseren van data.
Grafana is a tool that visualizes 'streaming' data.
Are you the Intern we are looking for?",,https://nl.indeed.com/rc/clk?jk=cef8a16f1c2f135a&fccid=092c3d9e78927117&vjs=3
PhD candidate in Marine Microbiology,Universiteit van Amsterdam,Amsterdam Centrum,17 dagen geleden,03-01-2021,"Analyze data from laboratory and field experiments;
This should lead to a dissertation (PhD thesis).
Functieomvang 38 hours per week.
What are you going to do?","<span class=""salaryText"">
€2.395 - €3.061 per maand</span>",https://nl.indeed.com/rc/clk?jk=91fa6a89b990b985&fccid=6d76c7ec59b89971&vjs=3
Internal Research Fellow (PostDoc) in Advanced Space Architectures,European Space Agency,Noordwijk,Meer dan 30 dagen geleden,03-01-2021,"Proficiency in computer programming and data analysis.
A PhD (completed before take-up of duty) in architecture, civil engineering, materials science (or…",,https://nl.indeed.com/rc/clk?jk=55205522103041d3&fccid=a33fc8acf400e044&vjs=3
Two Assistant Professors of Developmental Psychopathology / Pedagogy (0.8 - 1.0 FTE),Radboud Universiteit,Nijmegen,16 dagen geleden,03-01-2021,"Furthermore, we expect you to supervise students during their internships and thesis projects.
You will contribute to both introductory and more specialist…","<span class=""salaryText"">
€5.826 per maand</span>",https://nl.indeed.com/rc/clk?jk=77fd42bb02d355c3&fccid=21efc97482d26157&vjs=3
PhD candidate in approximate computing techniques for embedded systems,Universiteit van Amsterdam,Amsterdam Centrum,13 dagen geleden,03-01-2021,"This should lead to a dissertation (PhD thesis).
Our research involves complex information systems at large, with a focus on collaborative, data driven,…","<span class=""salaryText"">
€2.395 - €3.061 per maand</span>",https://nl.indeed.com/rc/clk?jk=830cf5a5ec6a1a55&fccid=6d76c7ec59b89971&vjs=3
Internal Research Fellow (PostDoc) in Biomimetics,European Space Agency,Noordwijk,Meer dan 30 dagen geleden,03-01-2021,"Proficiency in computer programming and data analysis.
A PhD (completed before take-up of duty) in biology (or another discipline with a solid biomimetics focus…",,https://nl.indeed.com/rc/clk?jk=1c4e153d11abe498&fccid=a33fc8acf400e044&vjs=3
PhD Candidate: Understanding Old-Age Inequality (1.0 FTE),Radboud Universiteit,Nijmegen,Meer dan 30 dagen geleden,03-01-2021,"Proof of proficiency in writing English (e.g., a chapter of your Master's thesis or a paper).
These will be tested by applying advanced analysis techniques to…","<span class=""salaryText"">
€3.061 per maand</span>",https://nl.indeed.com/rc/clk?jk=d5c0c8eaaf29f5c5&fccid=21efc97482d26157&vjs=3
PhD in the ecology of Arthropod populations impacted by agriculture,Rijksuniversiteit Groningen,Groningen,17 dagen geleden,03-01-2021,"Demonstrable skills in scientific writing and data analysis.
Prolongation of the contract is contingent on sufficient progress in the first year to indicate…","<span class=""salaryText"">
€2.395 per maand</span>",https://nl.indeed.com/rc/clk?jk=a74543bff54cfb18&fccid=910095d1dc048510&vjs=3
PhD-student: Efficient robust inference,TU Eindhoven,Eindhoven,Meer dan 30 dagen geleden,03-01-2021,"Even in a big-data world, these situations occur often.
Finally, you will personally write and defend a PhD thesis that bundles your results as a coherent whole…","<span class=""salaryText"">
€2.395 per maand</span>",https://nl.indeed.com/rc/clk?jk=da5a3d3f58e68102&fccid=b357aa510b1bb882&vjs=3
Student project: UWB Signal Processing for Combined Ranging and Radar,Imec,Eindhoven,Meer dan 30 dagen geleden,03-01-2021,"Recently, there has been a renewed interest in ultra-wideband based data communication and localization for smartphones.
What we do for you.",,https://nl.indeed.com/rc/clk?jk=fe49717dbd466f1e&fccid=684f456aed4a098b&vjs=3
PhD in the spatial ecology of migratory grassland breeding birds,Rijksuniversiteit Groningen,Groningen,17 dagen geleden,03-01-2021,"Demonstrable skills in scientific writing and data analysis.
A master degree in ecology, earth sciences or data science.
Anne Beaulieu and Dr Heinrich Belting.","<span class=""salaryText"">
€2.395 per maand</span>",https://nl.indeed.com/rc/clk?jk=f31febf2fe71fd59&fccid=910095d1dc048510&vjs=3
15 PhD students for the ETUDE programme to study Functional Disorders across Eur,UMCG,Groningen,13 dagen geleden,03-01-2021,Applicants must be willing to spend a prolonged time in another institute/country of the network during the PhD thesis period.,,https://nl.indeed.com/rc/clk?jk=81584bbe6903d81e&fccid=905807a1f53ae0e9&vjs=3
"Assistant Professor at the department of Industrial Design, understanding human behavior through data, AI and Machine learning",Euflex,Eindhoven,16 dagen geleden,03-01-2021,"The assistant professor should have strong data analytical and data visualization skills, expertise in designing prototypes in the field of vital life (and/or…",,https://nl.indeed.com/rc/clk?jk=a2f039778f595acb&fccid=e439f1db5e66d3bf&vjs=3
Biomedical Field Test Engineer,Imec,Wageningen,Meer dan 30 dagen geleden,03-01-2021,"Experience in data collection on human subjects and data analysis is a plus.
Support senior researchers in their data analysis.
What we do for you.",,https://nl.indeed.com/rc/clk?jk=0682c30fbdf968c8&fccid=684f456aed4a098b&vjs=3
Post-doctoral researcher in Machine Translation for sign and oral languages,Tilburg University,Tilburg,12 dagen geleden,03-01-2021,"To develop a pipeline for updating the intermediate representation with new data.
Knowledge and experience with sign language and / or proficiency in at least…",,https://nl.indeed.com/rc/clk?jk=d9c0be4d141ee1a3&fccid=b9529daf9f1d0324&vjs=3
Student project: Asynchronous ADC design for neuromorphic systems,Imec,Eindhoven,Meer dan 30 dagen geleden,03-01-2021,"This novel ADC will enable data compression by directly computing on the large amount of data available in the analog domain, resulting in the transmission of…",,https://nl.indeed.com/rc/clk?jk=cb25044bde13a929&fccid=684f456aed4a098b&vjs=3
The long-term relationship between sea-level change and sedimentation in the North Sea,Royal NIOZ,Gemeente Texel,17 dagen geleden,03-01-2021,"The main task will be to conduct the PhD research, resulting in a PhD thesis.
The core of this research project consists in the inclusion of sedimentation from…",,https://nl.indeed.com/rc/clk?jk=9895c632fa2000c1&fccid=fcc567fe54122799&vjs=3
"SENIOR MANAGER, STRATEGY AND M&A (m/f/d)",TE Connectivity,Den Bosch,Meer dan 30 dagen geleden,03-01-2021,Track-record of success in originating growth ideas and creating investment thesis that led to significant organic and/or inorganic investments.,,https://nl.indeed.com/rc/clk?jk=32123369f3736f33&fccid=adb7c04d7caa1bd2&vjs=3
Postdoctoral researcher Dairy Science and Technology,Wageningen University & Research,Wageningen,17 dagen geleden,03-01-2021,"Participate in designing and setting up of new thesis projects for students, and supervise thesis students;
Experience in educational activities (e.g. student…",,https://nl.indeed.com/rc/clk?jk=461034278516ad9d&fccid=4be1581f8d3745b0&vjs=3
Internal Research Fellow (PostDoc) in Model-Based System Engineering,European Space Agency,Noordwijk,Meer dan 30 dagen geleden,03-01-2021,"Solving issues related to semantic interoperability, i.e. how to use the global conceptual data model (ontology) to drive data communication within the system…",,https://nl.indeed.com/rc/clk?jk=acd321804870468e&fccid=a33fc8acf400e044&vjs=3
PhD student in Arctic coastal erosion,Vrije Universiteit Amsterdam,Amsterdam-Zuidoost,24 dagen geleden,03-01-2021,"Finalize your work into a PhD thesis.
From forest fires to big data, from obesity to medicines and from molecules to the moon: our teaching and research…","<span class=""salaryText"">
€2.395 per maand</span>",https://nl.indeed.com/rc/clk?jk=4481db5badfde843&fccid=7fcd0afcba4c0099&vjs=3
Payroll Operations Intern - German speaker,IDEXX,Hoofddorp,27 dagen geleden,03-01-2021,"Provide payroll feedback and data to support ongoing HR projects.
Support payroll team in the driving country and regional payroll initiatives by providing…",,https://nl.indeed.com/rc/clk?jk=0ef56ba5f1e0d922&fccid=0ad4c4a48e8d4d46&vjs=3
"PhD position on Dark matter theory, Astroparticle physics and Machine learning",Universiteit van Amsterdam,Amsterdam Centrum,25 dagen geleden,03-01-2021,"This should lead to a dissertation (PhD thesis).
A research statement (past research activities including master thesis, future interests);","<span class=""salaryText"">
€2.395 - €3.061 per maand</span>",https://nl.indeed.com/rc/clk?jk=1d64502a50a0be76&fccid=6d76c7ec59b89971&vjs=3
PHD Behavioral Medicine (MCP),Tilburg University,Tilburg,Meer dan 30 dagen geleden,03-01-2021,"Schrijven van een PhD-thesis.
Verzamelen van data (zowel kwalitatief als kwantitatief).
U bent zeer gemotiveerd om in de wetenschap te werken en om succesvol…","<span class=""salaryText"">
€2.395 per maand</span>",https://nl.indeed.com/rc/clk?jk=c879c68af73e92bd&fccid=b9529daf9f1d0324&vjs=3
PhD Candidate/Junior Lecturer in Methodology (1.0 FTE),Radboud Universiteit,Nijmegen,19 dagen geleden,03-01-2021,"The ability to finish your PhD thesis in time, i.e. strong skills in project management, flexibility, proactive behaviour and excellent academic writing skills.","<span class=""salaryText"">
€4.402 per maand</span>",https://nl.indeed.com/rc/clk?jk=8cfe421195147481&fccid=21efc97482d26157&vjs=3
PhD in Computer Vision,TU Delft,Delft,16 dagen geleden,03-01-2021,"A link to your Master’s thesis.
A link to git repository containing the source code of your thesis / projects (if existing).
Prof. in the Computer Vision Lab.","<span class=""salaryText"">
€2.395 per maand</span>",https://nl.indeed.com/rc/clk?jk=11720740567f95b1&fccid=43dfbb216f29aaed&vjs=3
PhD position available on User-centered optimisation for immersive media,CWI,Amsterdam,24 dagen geleden,03-01-2021,"We combine data science with a strong human-centric, empirical approach.
However, since large volumes of data, several orders of magnitude larger than…",,https://nl.indeed.com/rc/clk?jk=3d1a52c5c4a44469&fccid=55c5d0e08cf4803f&vjs=3
Finance Internship Business unit Agriculture/ Systems & Services,Signify,Eindhoven,24 dagen geleden,03-01-2021,"Ready to learn on the job and not required to do a thesis.
Through our leadership in connected lighting and the Internet of Things, we’re breaking new grounds…",,https://nl.indeed.com/rc/clk?jk=b31c7da7297049cc&fccid=508609a1a9ea1ca9&vjs=3
PhD position FinTech and Consumer Law,Rijksuniversiteit Groningen,Groningen,Meer dan 30 dagen geleden,03-01-2021,"A writing sample of no more than 5.000 words, such as an essay or part of a master’s thesis.
Developments such as the issuing of virtual currencies,…","<span class=""salaryText"">
€2.395 per maand</span>",https://nl.indeed.com/rc/clk?jk=15f3aca132c9d31f&fccid=910095d1dc048510&vjs=3
Back-end PHP Developer,Scribbr,Amsterdam,Meer dan 30 dagen geleden,03-01-2021,"Matching freelance editors and orders via an algorithm based on statistical data.
Scribbr helps more than 500 students daily, offering our Proofreading &…",,https://nl.indeed.com/rc/clk?jk=54a902365ac2e519&fccid=b259d1e2a70b9639&vjs=3
Hue Full Stack Engineer Internship,Signify,Eindhoven,24 dagen geleden,03-01-2021,"Passionate about software engineering and big data.
Design and implement streaming data pipelines with real time analytics.
Skilled in Python 3.x programming.",,https://nl.indeed.com/rc/clk?jk=11610a6f208dac5c&fccid=508609a1a9ea1ca9&vjs=3
PhD position Machine Learning for Network Slice Resource Management,Universiteit van Amsterdam,Amsterdam Centrum,Meer dan 30 dagen geleden,03-01-2021,"Complete and defend your PhD thesis;
This should lead to a dissertation (PhD thesis).
The group focuses its researches on the fundamental architectural problems…","<span class=""salaryText"">
€2.395 - €3.061 per maand</span>",https://nl.indeed.com/rc/clk?jk=8cc387d1efe6a095&fccid=6d76c7ec59b89971&vjs=3
PhD on Sweat analytics for semi-continuous sepsis monitoring,TU Eindhoven,Eindhoven,27 dagen geleden,03-01-2021,"Complex data patterns emerge from sweat measurements, requiring the development of novel data analytics strategies.
Brief description of your MSc thesis.",,https://nl.indeed.com/rc/clk?jk=e6ba38020cfa687f&fccid=b357aa510b1bb882&vjs=3
MSC PROJECT: TUNING STRUCTURE AND SURFACE STRAIN OF FE NANOLAYERS FOR SOLAR FUEL CATALYSIS,Differ,Eindhoven,Meer dan 30 dagen geleden,03-01-2021,The computational MSc thesis project is part of a theory-experiment collaboration effort between DIFFER and our industrial partner.,,https://nl.indeed.com/rc/clk?jk=87cfc7f9dd687e43&fccid=0b7aed8d95890177&vjs=3
PhD in location theory and game theory with applications to counter-terrorism,TU Eindhoven,Eindhoven,19 dagen geleden,03-01-2021,"The research will be concluded with a Ph.D. thesis.
The OPAC group has close collaborations with the industry, which gives direct access to challenging…",,https://nl.indeed.com/rc/clk?jk=1e682ebb5e42f10a&fccid=b357aa510b1bb882&vjs=3
PhD: High performance InP photonics for large-scale micro-transfer printing,TU Eindhoven,Eindhoven,Meer dan 30 dagen geleden,03-01-2021,"Half-page summary of your MSc thesis;
Photonic integrated circuit (PIC) technology powers the modern internet, enabling video calls, data-mining and associated…",,https://nl.indeed.com/rc/clk?jk=34d20bf938e901a6&fccid=b357aa510b1bb882&vjs=3
PhD position in AI / Deep Learning: Sparse Training and Autonomous Driving,TU Eindhoven,Eindhoven,22 dagen geleden,03-01-2021,"At least one sample of academic writing, e.g. MSc thesis, research internship report, an academic publication etc;
The ideal candidate we are looking for has:",,https://nl.indeed.com/rc/clk?jk=34aabf75e6e00b64&fccid=b357aa510b1bb882&vjs=3
Intern Quality Information Systems,NXP Semiconductors,Eindhoven,25 dagen geleden,03-01-2021,"Familiar with data modeling and some programming experience.
The assignment is also suitable for a thesis/graduation project.
WHAT’S IN IT FOR YOU?",,https://nl.indeed.com/rc/clk?jk=19ad789cf5b0ccfe&fccid=d113f5fdf3e1cb7b&vjs=3
Ph.D. positions on ultra-reliable intra-aircraft wireless communication,TU Eindhoven,Eindhoven,Meer dan 30 dagen geleden,03-01-2021,"Brief description of your MSc thesis.
ADENEAS aims at developing advanced technologies for intra-aircraft data communication and power distribution.",,https://nl.indeed.com/rc/clk?jk=5ba4943537044e75&fccid=b357aa510b1bb882&vjs=3
PhD position in Information Systems/Business Intelligence,TU Eindhoven,Eindhoven,Meer dan 30 dagen geleden,03-01-2021,"The research will be concluded with a Ph.D. thesis.
Modern laboratory experiments in bio-medical disciplines generate large amounts of structured heterogeneous…","<span class=""salaryText"">
€2.395 per maand</span>",https://nl.indeed.com/rc/clk?jk=186c26bf5141fb52&fccid=b357aa510b1bb882&vjs=3
PhD on the Physics of Organic Thermoelectrics in EU Training Network HORATES,Rijksuniversiteit Groningen,Groningen,26 dagen geleden,03-01-2021,"Your data will be processed by the University of Groningen, based in Groningen, Broerstraat 5, acting as Data Controller, in compliance with the rules on…","<span class=""salaryText"">
€2.395 per maand</span>",https://nl.indeed.com/rc/clk?jk=02acc2e723a28779&fccid=910095d1dc048510&vjs=3
Postdoctoral fellow on decision support in food systems,TU Eindhoven,Eindhoven,Meer dan 30 dagen geleden,03-01-2021,"Has the ability to conduct high-quality academic research, demonstrated for instance by a relevant PhD thesis and publication(s).",,https://nl.indeed.com/rc/clk?jk=915b53623f57f735&fccid=b357aa510b1bb882&vjs=3
PhD in Quantum System Testbed: Fibre-based coherent quantum communication,TU Eindhoven,Eindhoven,Meer dan 30 dagen geleden,03-01-2021,"The interest in QKD has risen in recent years, primarily due to the rapid progress in computation hardware, lower cost of data storage, and maturity of quantum…","<span class=""salaryText"">
€2.395 per maand</span>",https://nl.indeed.com/rc/clk?jk=78d4367f42f9ebe1&fccid=b357aa510b1bb882&vjs=3
PhD Position on Quantum Cybersecurity,TU Eindhoven,Eindhoven,Meer dan 30 dagen geleden,03-01-2021,"The interest in QKD has risen in recent years, primarily due to the rapid progress in computation hardware, lower cost of data storage, and maturity of quantum…",,https://nl.indeed.com/rc/clk?jk=162fe721073141d7&fccid=b357aa510b1bb882&vjs=3
PostDoc in the field of Quantum Cryptography Test-bed,TU Eindhoven,Eindhoven,Meer dan 30 dagen geleden,03-01-2021,"The interest in QKD has risen in recent years, primarily due to the rapid progress in computation hardware, lower cost of data storage, and maturity of quantum…",,https://nl.indeed.com/rc/clk?jk=6d37cc529f279863&fccid=b357aa510b1bb882&vjs=3
PhD candidate 'Early Health Technology Assessment for new AI tools in healthcare',Radboudumc,Nijmegen,24 dagen geleden,03-01-2021,"The ambition and academic skills to write and present scientific papers as well as to perform data-analysis.
AI-based technologies are developed at a rapid pace…",,https://nl.indeed.com/rc/clk?jk=efa767b6bb9c8364&fccid=e8496aed9e5da069&vjs=3
PhD Position on Quantum secured data communication for IoTalentum control plane,TU Eindhoven,Eindhoven,Meer dan 30 dagen geleden,03-01-2021,Objective: To conceive and experimental validate a secure data transmission link using vortex beam signaling both in wireless and optical fibre transmission ink…,,https://nl.indeed.com/rc/clk?jk=70d473220bf9cdf8&fccid=b357aa510b1bb882&vjs=3
